ID_ORIGEN,NOMBRE_ORIGEN,ID_DESTINO,NOMBRE_DESTINO,CONTEO
1,UNIVALLE,1,UNIVALLE,45
1,UNIVALLE,2,BUITRERA,9
1,UNIVALLE,3,MELENDEZ,18
1,UNIVALLE,4,CAPRI,22
1,UNIVALLE,5,CALDAS,44
1,UNIVALLE,6,REFUGIO,26
1,UNIVALLE,7,PAMPALINDA,41
1,UNIVALLE,8,PLZ TOROS,9
1,UNIVALLE,9,LIDO,26
1,UNIVALLE,10,TEQUENDAMA,48
1,UNIVALLE,11,ESTADIO,90
1,UNIVALLE,12,MZ. SABER,46
1,UNIVALLE,13,ST LIBRADA,50
1,UNIVALLE,14,SAN BOSCO,31
1,UNIVALLE,15,SAN PASCUA,3
1,UNIVALLE,23,SUCRE,2
1,UNIVALLE,24,PETECUY,5
1,UNIVALLE,25,SAN PEDRO,10
1,UNIVALLE,26,T. CALI,9
1,UNIVALLE,27,FRAY DAMIAN,0
1,UNIVALLE,28,CENTRO,11
1,UNIVALLE,29,ERMITA,10
1,UNIVALLE,30,RIO CALI,0
1,UNIVALLE,31,SAN NICOLA,0
1,UNIVALLE,32,PILOTO,1
1,UNIVALLE,33,FATIMA,5
1,UNIVALLE,34,MANZANARES,6
1,UNIVALLE,35,POPULAR,7
1,UNIVALLE,36,SALOMIA,24
1,UNIVALLE,37,FLORA IND,29
1,UNIVALLE,38,CHIMINANGOS,75
1,UNIVALLE,39,UNIVERSIDA,94
1,UNIVALLE,40,UND DEPORT,13
1,UNIVALLE,42,CAICEDO,14
1,UNIVALLE,43,VERSALLES,11
1,UNIVALLE,44,AMERICAS,27
1,UNIVALLE,45,PRADOS,11
1,UNIVALLE,46,VIPASA,14
1,UNIVALLE,47,ALAMOS,17
1,UNIVALLE,56,TERMINAL MENGA,13
2,BUITRERA,1,UNIVALLE,7
2,BUITRERA,2,BUITRERA,264
2,BUITRERA,3,MELENDEZ,78
2,BUITRERA,4,CAPRI,159
2,BUITRERA,5,CALDAS,183
2,BUITRERA,6,REFUGIO,93
2,BUITRERA,7,PAMPALINDA,177
2,BUITRERA,8,PLZ TOROS,35
2,BUITRERA,9,LIDO,70
2,BUITRERA,10,TEQUENDAMA,237
2,BUITRERA,11,ESTADIO,298
2,BUITRERA,12,MZ. SABER,93
2,BUITRERA,13,ST LIBRADA,138
2,BUITRERA,14,SAN BOSCO,114
2,BUITRERA,15,SAN PASCUA,25
2,BUITRERA,23,SUCRE,1
2,BUITRERA,24,PETECUY,24
2,BUITRERA,25,SAN PEDRO,47
2,BUITRERA,26,T. CALI,80
2,BUITRERA,27,FRAY DAMIAN,2
2,BUITRERA,28,CENTRO,82
2,BUITRERA,29,ERMITA,78
2,BUITRERA,30,RIO CALI,5
2,BUITRERA,31,SAN NICOLA,3
2,BUITRERA,32,PILOTO,4
2,BUITRERA,33,FATIMA,14
2,BUITRERA,34,MANZANARES,12
2,BUITRERA,35,POPULAR,34
2,BUITRERA,36,SALOMIA,60
2,BUITRERA,37,FLORA IND,103
2,BUITRERA,38,CHIMINANGOS,230
2,BUITRERA,39,UNIVERSIDA,508
2,BUITRERA,40,UND DEPORT,162
2,BUITRERA,42,CAICEDO,70
2,BUITRERA,43,VERSALLES,36
2,BUITRERA,44,AMERICAS,108
2,BUITRERA,45,PRADOS,31
2,BUITRERA,46,VIPASA,37
2,BUITRERA,47,ALAMOS,80
2,BUITRERA,56,TERMINAL MENGA,70
3,MELENDEZ,1,UNIVALLE,22
3,MELENDEZ,2,BUITRERA,88
3,MELENDEZ,3,MELENDEZ,335
3,MELENDEZ,4,CAPRI,69
3,MELENDEZ,5,CALDAS,108
3,MELENDEZ,6,REFUGIO,90
3,MELENDEZ,7,PAMPALINDA,177
3,MELENDEZ,8,PLZ TOROS,56
3,MELENDEZ,9,LIDO,79
3,MELENDEZ,10,TEQUENDAMA,294
3,MELENDEZ,11,ESTADIO,318
3,MELENDEZ,12,MZ. SABER,121
3,MELENDEZ,13,ST LIBRADA,139
3,MELENDEZ,14,SAN BOSCO,165
3,MELENDEZ,15,SAN PASCUA,43
3,MELENDEZ,23,SUCRE,1
3,MELENDEZ,24,PETECUY,56
3,MELENDEZ,25,SAN PEDRO,59
3,MELENDEZ,26,T. CALI,164
3,MELENDEZ,27,FRAY DAMIAN,3
3,MELENDEZ,28,CENTRO,158
3,MELENDEZ,29,ERMITA,115
3,MELENDEZ,30,RIO CALI,9
3,MELENDEZ,31,SAN NICOLA,4
3,MELENDEZ,32,PILOTO,9
3,MELENDEZ,33,FATIMA,32
3,MELENDEZ,34,MANZANARES,21
3,MELENDEZ,35,POPULAR,46
3,MELENDEZ,36,SALOMIA,62
3,MELENDEZ,37,FLORA IND,71
3,MELENDEZ,38,CHIMINANGOS,162
3,MELENDEZ,39,UNIVERSIDA,649
3,MELENDEZ,40,UND DEPORT,142
3,MELENDEZ,42,CAICEDO,149
3,MELENDEZ,43,VERSALLES,64
3,MELENDEZ,44,AMERICAS,162
3,MELENDEZ,45,PRADOS,55
3,MELENDEZ,46,VIPASA,41
3,MELENDEZ,47,ALAMOS,63
3,MELENDEZ,56,TERMINAL MENGA,100
4,CAPRI,1,UNIVALLE,19
4,CAPRI,2,BUITRERA,168
4,CAPRI,3,MELENDEZ,65
4,CAPRI,4,CAPRI,274
4,CAPRI,5,CALDAS,31
4,CAPRI,6,REFUGIO,47
4,CAPRI,7,PAMPALINDA,121
4,CAPRI,8,PLZ TOROS,31
4,CAPRI,9,LIDO,67
4,CAPRI,10,TEQUENDAMA,176
4,CAPRI,11,ESTADIO,174
4,CAPRI,12,MZ. SABER,68
4,CAPRI,13,ST LIBRADA,76
4,CAPRI,14,SAN BOSCO,66
4,CAPRI,15,SAN PASCUA,21
4,CAPRI,23,SUCRE,1
4,CAPRI,24,PETECUY,28
4,CAPRI,25,SAN PEDRO,46
4,CAPRI,26,T. CALI,66
4,CAPRI,27,FRAY DAMIAN,1
4,CAPRI,28,CENTRO,59
4,CAPRI,29,ERMITA,94
4,CAPRI,30,RIO CALI,4
4,CAPRI,31,SAN NICOLA,0
4,CAPRI,32,PILOTO,5
4,CAPRI,33,FATIMA,10
4,CAPRI,34,MANZANARES,5
4,CAPRI,35,POPULAR,27
4,CAPRI,36,SALOMIA,42
4,CAPRI,37,FLORA IND,45
4,CAPRI,38,CHIMINANGOS,115
4,CAPRI,39,UNIVERSIDA,340
4,CAPRI,40,UND DEPORT,105
4,CAPRI,42,CAICEDO,67
4,CAPRI,43,VERSALLES,51
4,CAPRI,44,AMERICAS,96
4,CAPRI,45,PRADOS,29
4,CAPRI,46,VIPASA,26
4,CAPRI,47,ALAMOS,62
4,CAPRI,56,TERMINAL MENGA,61
5,CALDAS,1,UNIVALLE,44
5,CALDAS,2,BUITRERA,190
5,CALDAS,3,MELENDEZ,115
5,CALDAS,4,CAPRI,36
5,CALDAS,5,CALDAS,229
5,CALDAS,6,REFUGIO,25
5,CALDAS,7,PAMPALINDA,53
5,CALDAS,8,PLZ TOROS,22
5,CALDAS,9,LIDO,45
5,CALDAS,10,TEQUENDAMA,148
5,CALDAS,11,ESTADIO,127
5,CALDAS,12,MZ. SABER,71
5,CALDAS,13,ST LIBRADA,75
5,CALDAS,14,SAN BOSCO,86
5,CALDAS,15,SAN PASCUA,30
5,CALDAS,23,SUCRE,2
5,CALDAS,24,PETECUY,34
5,CALDAS,25,SAN PEDRO,56
5,CALDAS,26,T. CALI,56
5,CALDAS,27,FRAY DAMIAN,2
5,CALDAS,28,CENTRO,93
5,CALDAS,29,ERMITA,91
5,CALDAS,30,RIO CALI,8
5,CALDAS,31,SAN NICOLA,2
5,CALDAS,32,PILOTO,5
5,CALDAS,33,FATIMA,23
5,CALDAS,34,MANZANARES,13
5,CALDAS,35,POPULAR,17
5,CALDAS,36,SALOMIA,29
5,CALDAS,37,FLORA IND,47
5,CALDAS,38,CHIMINANGOS,99
5,CALDAS,39,UNIVERSIDA,410
5,CALDAS,40,UND DEPORT,89
5,CALDAS,42,CAICEDO,54
5,CALDAS,43,VERSALLES,52
5,CALDAS,44,AMERICAS,106
5,CALDAS,45,PRADOS,32
5,CALDAS,46,VIPASA,28
5,CALDAS,47,ALAMOS,44
5,CALDAS,56,TERMINAL MENGA,69
6,REFUGIO,1,UNIVALLE,20
6,REFUGIO,2,BUITRERA,88
6,REFUGIO,3,MELENDEZ,95
6,REFUGIO,4,CAPRI,44
6,REFUGIO,5,CALDAS,23
6,REFUGIO,6,REFUGIO,181
6,REFUGIO,7,PAMPALINDA,65
6,REFUGIO,8,PLZ TOROS,11
6,REFUGIO,9,LIDO,51
6,REFUGIO,10,TEQUENDAMA,143
6,REFUGIO,11,ESTADIO,133
6,REFUGIO,12,MZ. SABER,71
6,REFUGIO,13,ST LIBRADA,47
6,REFUGIO,14,SAN BOSCO,48
6,REFUGIO,15,SAN PASCUA,21
6,REFUGIO,23,SUCRE,1
6,REFUGIO,24,PETECUY,13
6,REFUGIO,25,SAN PEDRO,34
6,REFUGIO,26,T. CALI,46
6,REFUGIO,27,FRAY DAMIAN,0
6,REFUGIO,28,CENTRO,40
6,REFUGIO,29,ERMITA,76
6,REFUGIO,30,RIO CALI,3
6,REFUGIO,31,SAN NICOLA,2
6,REFUGIO,32,PILOTO,2
6,REFUGIO,33,FATIMA,8
6,REFUGIO,34,MANZANARES,11
6,REFUGIO,35,POPULAR,12
6,REFUGIO,36,SALOMIA,28
6,REFUGIO,37,FLORA IND,25
6,REFUGIO,38,CHIMINANGOS,79
6,REFUGIO,39,UNIVERSIDA,195
6,REFUGIO,40,UND DEPORT,101
6,REFUGIO,42,CAICEDO,35
6,REFUGIO,43,VERSALLES,34
6,REFUGIO,44,AMERICAS,40
6,REFUGIO,45,PRADOS,14
6,REFUGIO,46,VIPASA,12
6,REFUGIO,47,ALAMOS,27
6,REFUGIO,56,TERMINAL MENGA,22
7,PAMPALINDA,1,UNIVALLE,43
7,PAMPALINDA,2,BUITRERA,171
7,PAMPALINDA,3,MELENDEZ,184
7,PAMPALINDA,4,CAPRI,130
7,PAMPALINDA,5,CALDAS,60
7,PAMPALINDA,6,REFUGIO,68
7,PAMPALINDA,7,PAMPALINDA,421
7,PAMPALINDA,8,PLZ TOROS,14
7,PAMPALINDA,9,LIDO,50
7,PAMPALINDA,10,TEQUENDAMA,173
7,PAMPALINDA,11,ESTADIO,171
7,PAMPALINDA,12,MZ. SABER,85
7,PAMPALINDA,13,ST LIBRADA,100
7,PAMPALINDA,14,SAN BOSCO,97
7,PAMPALINDA,15,SAN PASCUA,23
7,PAMPALINDA,23,SUCRE,0
7,PAMPALINDA,24,PETECUY,38
7,PAMPALINDA,25,SAN PEDRO,86
7,PAMPALINDA,26,T. CALI,68
7,PAMPALINDA,27,FRAY DAMIAN,4
7,PAMPALINDA,28,CENTRO,90
7,PAMPALINDA,29,ERMITA,93
7,PAMPALINDA,30,RIO CALI,4
7,PAMPALINDA,31,SAN NICOLA,1
7,PAMPALINDA,32,PILOTO,4
7,PAMPALINDA,33,FATIMA,11
7,PAMPALINDA,34,MANZANARES,17
7,PAMPALINDA,35,POPULAR,60
7,PAMPALINDA,36,SALOMIA,107
7,PAMPALINDA,37,FLORA IND,169
7,PAMPALINDA,38,CHIMINANGOS,353
7,PAMPALINDA,39,UNIVERSIDA,466
7,PAMPALINDA,40,UND DEPORT,100
7,PAMPALINDA,42,CAICEDO,84
7,PAMPALINDA,43,VERSALLES,49
7,PAMPALINDA,44,AMERICAS,96
7,PAMPALINDA,45,PRADOS,37
7,PAMPALINDA,46,VIPASA,33
7,PAMPALINDA,47,ALAMOS,109
7,PAMPALINDA,56,TERMINAL MENGA,93
8,PLZ TOROS,1,UNIVALLE,10
8,PLZ TOROS,2,BUITRERA,37
8,PLZ TOROS,3,MELENDEZ,56
8,PLZ TOROS,4,CAPRI,31
8,PLZ TOROS,5,CALDAS,22
8,PLZ TOROS,6,REFUGIO,17
8,PLZ TOROS,7,PAMPALINDA,19
8,PLZ TOROS,8,PLZ TOROS,76
8,PLZ TOROS,9,LIDO,11
8,PLZ TOROS,10,TEQUENDAMA,56
8,PLZ TOROS,11,ESTADIO,48
8,PLZ TOROS,12,MZ. SABER,33
8,PLZ TOROS,13,ST LIBRADA,24
8,PLZ TOROS,14,SAN BOSCO,27
8,PLZ TOROS,15,SAN PASCUA,6
8,PLZ TOROS,23,SUCRE,1
8,PLZ TOROS,24,PETECUY,7
8,PLZ TOROS,25,SAN PEDRO,19
8,PLZ TOROS,26,T. CALI,27
8,PLZ TOROS,27,FRAY DAMIAN,1
8,PLZ TOROS,28,CENTRO,32
8,PLZ TOROS,29,ERMITA,43
8,PLZ TOROS,30,RIO CALI,2
8,PLZ TOROS,31,SAN NICOLA,0
8,PLZ TOROS,32,PILOTO,2
8,PLZ TOROS,33,FATIMA,4
8,PLZ TOROS,34,MANZANARES,5
8,PLZ TOROS,35,POPULAR,6
8,PLZ TOROS,36,SALOMIA,10
8,PLZ TOROS,37,FLORA IND,19
8,PLZ TOROS,38,CHIMINANGOS,43
8,PLZ TOROS,39,UNIVERSIDA,73
8,PLZ TOROS,40,UND DEPORT,16
8,PLZ TOROS,42,CAICEDO,18
8,PLZ TOROS,43,VERSALLES,8
8,PLZ TOROS,44,AMERICAS,15
8,PLZ TOROS,45,PRADOS,3
8,PLZ TOROS,46,VIPASA,3
8,PLZ TOROS,47,ALAMOS,11
8,PLZ TOROS,56,TERMINAL MENGA,12
9,LIDO,1,UNIVALLE,24
9,LIDO,2,BUITRERA,73
9,LIDO,3,MELENDEZ,84
9,LIDO,4,CAPRI,68
9,LIDO,5,CALDAS,45
9,LIDO,6,REFUGIO,45
9,LIDO,7,PAMPALINDA,53
9,LIDO,8,PLZ TOROS,10
9,LIDO,9,LIDO,133
9,LIDO,10,TEQUENDAMA,26
9,LIDO,11,ESTADIO,54
9,LIDO,12,MZ. SABER,59
9,LIDO,13,ST LIBRADA,45
9,LIDO,14,SAN BOSCO,44
9,LIDO,15,SAN PASCUA,25
9,LIDO,23,SUCRE,0
9,LIDO,24,PETECUY,15
9,LIDO,25,SAN PEDRO,34
9,LIDO,26,T. CALI,31
9,LIDO,27,FRAY DAMIAN,0
9,LIDO,28,CENTRO,51
9,LIDO,29,ERMITA,83
9,LIDO,30,RIO CALI,2
9,LIDO,31,SAN NICOLA,2
9,LIDO,32,PILOTO,2
9,LIDO,33,FATIMA,7
9,LIDO,34,MANZANARES,10
9,LIDO,35,POPULAR,18
9,LIDO,36,SALOMIA,23
9,LIDO,37,FLORA IND,28
9,LIDO,38,CHIMINANGOS,117
9,LIDO,39,UNIVERSIDA,167
9,LIDO,40,UND DEPORT,26
9,LIDO,42,CAICEDO,22
9,LIDO,43,VERSALLES,34
9,LIDO,44,AMERICAS,64
9,LIDO,45,PRADOS,17
9,LIDO,46,VIPASA,8
9,LIDO,47,ALAMOS,34
9,LIDO,56,TERMINAL MENGA,33
10,TEQUENDAMA,1,UNIVALLE,46
10,TEQUENDAMA,2,BUITRERA,237
10,TEQUENDAMA,3,MELENDEZ,290
10,TEQUENDAMA,4,CAPRI,173
10,TEQUENDAMA,5,CALDAS,152
10,TEQUENDAMA,6,REFUGIO,132
10,TEQUENDAMA,7,PAMPALINDA,182
10,TEQUENDAMA,8,PLZ TOROS,56
10,TEQUENDAMA,9,LIDO,24
10,TEQUENDAMA,10,TEQUENDAMA,628
10,TEQUENDAMA,11,ESTADIO,98
10,TEQUENDAMA,12,MZ. SABER,139
10,TEQUENDAMA,13,ST LIBRADA,163
10,TEQUENDAMA,14,SAN BOSCO,156
10,TEQUENDAMA,15,SAN PASCUA,65
10,TEQUENDAMA,23,SUCRE,3
10,TEQUENDAMA,24,PETECUY,66
10,TEQUENDAMA,25,SAN PEDRO,132
10,TEQUENDAMA,26,T. CALI,123
10,TEQUENDAMA,27,FRAY DAMIAN,10
10,TEQUENDAMA,28,CENTRO,136
10,TEQUENDAMA,29,ERMITA,227
10,TEQUENDAMA,30,RIO CALI,10
10,TEQUENDAMA,31,SAN NICOLA,7
10,TEQUENDAMA,32,PILOTO,10
10,TEQUENDAMA,33,FATIMA,33
10,TEQUENDAMA,34,MANZANARES,30
10,TEQUENDAMA,35,POPULAR,66
10,TEQUENDAMA,36,SALOMIA,162
10,TEQUENDAMA,37,FLORA IND,254
10,TEQUENDAMA,38,CHIMINANGOS,568
10,TEQUENDAMA,39,UNIVERSIDA,636
10,TEQUENDAMA,40,UND DEPORT,159
10,TEQUENDAMA,42,CAICEDO,99
10,TEQUENDAMA,43,VERSALLES,94
10,TEQUENDAMA,44,AMERICAS,231
10,TEQUENDAMA,45,PRADOS,62
10,TEQUENDAMA,46,VIPASA,56
10,TEQUENDAMA,47,ALAMOS,136
10,TEQUENDAMA,56,TERMINAL MENGA,118
11,ESTADIO,1,UNIVALLE,101
11,ESTADIO,2,BUITRERA,289
11,ESTADIO,3,MELENDEZ,323
11,ESTADIO,4,CAPRI,167
11,ESTADIO,5,CALDAS,132
11,ESTADIO,6,REFUGIO,127
11,ESTADIO,7,PAMPALINDA,170
11,ESTADIO,8,PLZ TOROS,49
11,ESTADIO,9,LIDO,51
11,ESTADIO,10,TEQUENDAMA,97
11,ESTADIO,11,ESTADIO,502
11,ESTADIO,12,MZ. SABER,40
11,ESTADIO,13,ST LIBRADA,117
11,ESTADIO,14,SAN BOSCO,112
11,ESTADIO,15,SAN PASCUA,64
11,ESTADIO,23,SUCRE,8
11,ESTADIO,24,PETECUY,44
11,ESTADIO,25,SAN PEDRO,83
11,ESTADIO,26,T. CALI,84
11,ESTADIO,27,FRAY DAMIAN,6
11,ESTADIO,28,CENTRO,123
11,ESTADIO,29,ERMITA,112
11,ESTADIO,30,RIO CALI,12
11,ESTADIO,31,SAN NICOLA,3
11,ESTADIO,32,PILOTO,7
11,ESTADIO,33,FATIMA,35
11,ESTADIO,34,MANZANARES,39
11,ESTADIO,35,POPULAR,70
11,ESTADIO,36,SALOMIA,140
11,ESTADIO,37,FLORA IND,214
11,ESTADIO,38,CHIMINANGOS,470
11,ESTADIO,39,UNIVERSIDA,622
11,ESTADIO,40,UND DEPORT,136
11,ESTADIO,42,CAICEDO,78
11,ESTADIO,43,VERSALLES,61
11,ESTADIO,44,AMERICAS,149
11,ESTADIO,45,PRADOS,71
11,ESTADIO,46,VIPASA,65
11,ESTADIO,47,ALAMOS,127
11,ESTADIO,56,TERMINAL MENGA,125
12,MZ. SABER,1,UNIVALLE,45
12,MZ. SABER,2,BUITRERA,93
12,MZ. SABER,3,MELENDEZ,113
12,MZ. SABER,4,CAPRI,77
12,MZ. SABER,5,CALDAS,75
12,MZ. SABER,6,REFUGIO,75
12,MZ. SABER,7,PAMPALINDA,81
12,MZ. SABER,8,PLZ TOROS,31
12,MZ. SABER,9,LIDO,55
12,MZ. SABER,10,TEQUENDAMA,131
12,MZ. SABER,11,ESTADIO,36
12,MZ. SABER,12,MZ. SABER,223
12,MZ. SABER,13,ST LIBRADA,65
12,MZ. SABER,14,SAN BOSCO,65
12,MZ. SABER,15,SAN PASCUA,37
12,MZ. SABER,23,SUCRE,1
12,MZ. SABER,24,PETECUY,42
12,MZ. SABER,25,SAN PEDRO,53
12,MZ. SABER,26,T. CALI,54
12,MZ. SABER,27,FRAY DAMIAN,4
12,MZ. SABER,28,CENTRO,83
12,MZ. SABER,29,ERMITA,118
12,MZ. SABER,30,RIO CALI,4
12,MZ. SABER,31,SAN NICOLA,4
12,MZ. SABER,32,PILOTO,3
12,MZ. SABER,33,FATIMA,24
12,MZ. SABER,34,MANZANARES,24
12,MZ. SABER,35,POPULAR,46
12,MZ. SABER,36,SALOMIA,59
12,MZ. SABER,37,FLORA IND,105
12,MZ. SABER,38,CHIMINANGOS,235
12,MZ. SABER,39,UNIVERSIDA,259
12,MZ. SABER,40,UND DEPORT,111
12,MZ. SABER,42,CAICEDO,34
12,MZ. SABER,43,VERSALLES,39
12,MZ. SABER,44,AMERICAS,93
12,MZ. SABER,45,PRADOS,30
12,MZ. SABER,46,VIPASA,33
12,MZ. SABER,47,ALAMOS,54
12,MZ. SABER,56,TERMINAL MENGA,53
13,ST LIBRADA,1,UNIVALLE,51
13,ST LIBRADA,2,BUITRERA,128
13,ST LIBRADA,3,MELENDEZ,148
13,ST LIBRADA,4,CAPRI,79
13,ST LIBRADA,5,CALDAS,76
13,ST LIBRADA,6,REFUGIO,49
13,ST LIBRADA,7,PAMPALINDA,93
13,ST LIBRADA,8,PLZ TOROS,25
13,ST LIBRADA,9,LIDO,51
13,ST LIBRADA,10,TEQUENDAMA,164
13,ST LIBRADA,11,ESTADIO,103
13,ST LIBRADA,12,MZ. SABER,63
13,ST LIBRADA,13,ST LIBRADA,306
13,ST LIBRADA,14,SAN BOSCO,37
13,ST LIBRADA,15,SAN PASCUA,26
13,ST LIBRADA,23,SUCRE,0
13,ST LIBRADA,24,PETECUY,20
13,ST LIBRADA,25,SAN PEDRO,40
13,ST LIBRADA,26,T. CALI,47
13,ST LIBRADA,27,FRAY DAMIAN,1
13,ST LIBRADA,28,CENTRO,68
13,ST LIBRADA,29,ERMITA,89
13,ST LIBRADA,30,RIO CALI,7
13,ST LIBRADA,31,SAN NICOLA,2
13,ST LIBRADA,32,PILOTO,3
13,ST LIBRADA,33,FATIMA,15
13,ST LIBRADA,34,MANZANARES,21
13,ST LIBRADA,35,POPULAR,31
13,ST LIBRADA,36,SALOMIA,63
13,ST LIBRADA,37,FLORA IND,86
13,ST LIBRADA,38,CHIMINANGOS,194
13,ST LIBRADA,39,UNIVERSIDA,298
13,ST LIBRADA,40,UND DEPORT,96
13,ST LIBRADA,42,CAICEDO,9
13,ST LIBRADA,43,VERSALLES,35
13,ST LIBRADA,44,AMERICAS,88
13,ST LIBRADA,45,PRADOS,29
13,ST LIBRADA,46,VIPASA,26
13,ST LIBRADA,47,ALAMOS,49
13,ST LIBRADA,56,TERMINAL MENGA,54
14,SAN BOSCO,1,UNIVALLE,36
14,SAN BOSCO,2,BUITRERA,122
14,SAN BOSCO,3,MELENDEZ,165
14,SAN BOSCO,4,CAPRI,66
14,SAN BOSCO,5,CALDAS,90
14,SAN BOSCO,6,REFUGIO,49
14,SAN BOSCO,7,PAMPALINDA,96
14,SAN BOSCO,8,PLZ TOROS,29
14,SAN BOSCO,9,LIDO,52
14,SAN BOSCO,10,TEQUENDAMA,148
14,SAN BOSCO,11,ESTADIO,111
14,SAN BOSCO,12,MZ. SABER,65
14,SAN BOSCO,13,ST LIBRADA,34
14,SAN BOSCO,14,SAN BOSCO,232
14,SAN BOSCO,15,SAN PASCUA,23
14,SAN BOSCO,23,SUCRE,3
14,SAN BOSCO,24,PETECUY,12
14,SAN BOSCO,25,SAN PEDRO,32
14,SAN BOSCO,26,T. CALI,27
14,SAN BOSCO,27,FRAY DAMIAN,4
14,SAN BOSCO,28,CENTRO,18
14,SAN BOSCO,29,ERMITA,40
14,SAN BOSCO,30,RIO CALI,6
14,SAN BOSCO,31,SAN NICOLA,1
14,SAN BOSCO,32,PILOTO,5
14,SAN BOSCO,33,FATIMA,18
14,SAN BOSCO,34,MANZANARES,18
14,SAN BOSCO,35,POPULAR,27
14,SAN BOSCO,36,SALOMIA,40
14,SAN BOSCO,37,FLORA IND,82
14,SAN BOSCO,38,CHIMINANGOS,123
14,SAN BOSCO,39,UNIVERSIDA,265
14,SAN BOSCO,40,UND DEPORT,64
14,SAN BOSCO,42,CAICEDO,13
14,SAN BOSCO,43,VERSALLES,26
14,SAN BOSCO,44,AMERICAS,78
14,SAN BOSCO,45,PRADOS,18
14,SAN BOSCO,46,VIPASA,15
14,SAN BOSCO,47,ALAMOS,40
14,SAN BOSCO,56,TERMINAL MENGA,51
15,SAN PASCUA,1,UNIVALLE,4
15,SAN PASCUA,2,BUITRERA,24
15,SAN PASCUA,3,MELENDEZ,42
15,SAN PASCUA,4,CAPRI,20
15,SAN PASCUA,5,CALDAS,29
15,SAN PASCUA,6,REFUGIO,21
15,SAN PASCUA,7,PAMPALINDA,23
15,SAN PASCUA,8,PLZ TOROS,7
15,SAN PASCUA,9,LIDO,23
15,SAN PASCUA,10,TEQUENDAMA,65
15,SAN PASCUA,11,ESTADIO,63
15,SAN PASCUA,12,MZ. SABER,44
15,SAN PASCUA,13,ST LIBRADA,23
15,SAN PASCUA,14,SAN BOSCO,22
15,SAN PASCUA,15,SAN PASCUA,124
15,SAN PASCUA,23,SUCRE,6
15,SAN PASCUA,24,PETECUY,15
15,SAN PASCUA,25,SAN PEDRO,21
15,SAN PASCUA,26,T. CALI,26
15,SAN PASCUA,27,FRAY DAMIAN,3
15,SAN PASCUA,28,CENTRO,24
15,SAN PASCUA,29,ERMITA,39
15,SAN PASCUA,30,RIO CALI,4
15,SAN PASCUA,31,SAN NICOLA,1
15,SAN PASCUA,32,PILOTO,1
15,SAN PASCUA,33,FATIMA,2
15,SAN PASCUA,34,MANZANARES,14
15,SAN PASCUA,35,POPULAR,7
15,SAN PASCUA,36,SALOMIA,26
15,SAN PASCUA,37,FLORA IND,30
15,SAN PASCUA,38,CHIMINANGOS,59
15,SAN PASCUA,39,UNIVERSIDA,68
15,SAN PASCUA,40,UND DEPORT,45
15,SAN PASCUA,42,CAICEDO,23
15,SAN PASCUA,43,VERSALLES,18
15,SAN PASCUA,44,AMERICAS,38
15,SAN PASCUA,45,PRADOS,13
15,SAN PASCUA,46,VIPASA,7
15,SAN PASCUA,47,ALAMOS,26
15,SAN PASCUA,56,TERMINAL MENGA,22
23,SUCRE,1,UNIVALLE,1
23,SUCRE,2,BUITRERA,1
23,SUCRE,3,MELENDEZ,1
23,SUCRE,4,CAPRI,1
23,SUCRE,5,CALDAS,1
23,SUCRE,6,REFUGIO,0
23,SUCRE,7,PAMPALINDA,0
23,SUCRE,8,PLZ TOROS,1
23,SUCRE,9,LIDO,0
23,SUCRE,10,TEQUENDAMA,7
23,SUCRE,11,ESTADIO,3
23,SUCRE,12,MZ. SABER,1
23,SUCRE,13,ST LIBRADA,0
23,SUCRE,14,SAN BOSCO,3
23,SUCRE,15,SAN PASCUA,7
23,SUCRE,23,SUCRE,16
23,SUCRE,24,PETECUY,5
23,SUCRE,25,SAN PEDRO,8
23,SUCRE,26,T. CALI,6
23,SUCRE,27,FRAY DAMIAN,3
23,SUCRE,28,CENTRO,6
23,SUCRE,29,ERMITA,5
23,SUCRE,30,RIO CALI,3
23,SUCRE,31,SAN NICOLA,0
23,SUCRE,32,PILOTO,0
23,SUCRE,33,FATIMA,0
23,SUCRE,34,MANZANARES,3
23,SUCRE,35,POPULAR,1
23,SUCRE,36,SALOMIA,3
23,SUCRE,37,FLORA IND,6
23,SUCRE,38,CHIMINANGOS,14
23,SUCRE,39,UNIVERSIDA,2
23,SUCRE,40,UND DEPORT,7
23,SUCRE,42,CAICEDO,3
23,SUCRE,43,VERSALLES,2
23,SUCRE,44,AMERICAS,11
23,SUCRE,45,PRADOS,0
23,SUCRE,46,VIPASA,1
23,SUCRE,47,ALAMOS,2
23,SUCRE,56,TERMINAL MENGA,3
24,PETECUY,1,UNIVALLE,4
24,PETECUY,2,BUITRERA,23
24,PETECUY,3,MELENDEZ,57
24,PETECUY,4,CAPRI,29
24,PETECUY,5,CALDAS,24
24,PETECUY,6,REFUGIO,11
24,PETECUY,7,PAMPALINDA,25
24,PETECUY,8,PLZ TOROS,7
24,PETECUY,9,LIDO,14
24,PETECUY,10,TEQUENDAMA,56
24,PETECUY,11,ESTADIO,44
24,PETECUY,12,MZ. SABER,34
24,PETECUY,13,ST LIBRADA,14
24,PETECUY,14,SAN BOSCO,12
24,PETECUY,15,SAN PASCUA,13
24,PETECUY,23,SUCRE,4
24,PETECUY,24,PETECUY,259
24,PETECUY,25,SAN PEDRO,26
24,PETECUY,26,T. CALI,19
24,PETECUY,27,FRAY DAMIAN,1
24,PETECUY,28,CENTRO,27
24,PETECUY,29,ERMITA,28
24,PETECUY,30,RIO CALI,4
24,PETECUY,31,SAN NICOLA,6
24,PETECUY,32,PILOTO,4
24,PETECUY,33,FATIMA,13
24,PETECUY,34,MANZANARES,33
24,PETECUY,35,POPULAR,52
24,PETECUY,36,SALOMIA,81
24,PETECUY,37,FLORA IND,162
24,PETECUY,38,CHIMINANGOS,339
24,PETECUY,39,UNIVERSIDA,77
24,PETECUY,40,UND DEPORT,25
24,PETECUY,42,CAICEDO,4
24,PETECUY,43,VERSALLES,59
24,PETECUY,44,AMERICAS,92
24,PETECUY,45,PRADOS,41
24,PETECUY,46,VIPASA,68
24,PETECUY,47,ALAMOS,100
24,PETECUY,56,TERMINAL MENGA,76
25,SAN PEDRO,1,UNIVALLE,10
25,SAN PEDRO,2,BUITRERA,30
25,SAN PEDRO,3,MELENDEZ,55
25,SAN PEDRO,4,CAPRI,44
25,SAN PEDRO,5,CALDAS,50
25,SAN PEDRO,6,REFUGIO,26
25,SAN PEDRO,7,PAMPALINDA,75
25,SAN PEDRO,8,PLZ TOROS,17
25,SAN PEDRO,9,LIDO,23
25,SAN PEDRO,10,TEQUENDAMA,81
25,SAN PEDRO,11,ESTADIO,59
25,SAN PEDRO,12,MZ. SABER,39
25,SAN PEDRO,13,ST LIBRADA,38
25,SAN PEDRO,14,SAN BOSCO,32
25,SAN PEDRO,15,SAN PASCUA,20
25,SAN PEDRO,23,SUCRE,8
25,SAN PEDRO,24,PETECUY,26
25,SAN PEDRO,25,SAN PEDRO,450
25,SAN PEDRO,26,T. CALI,41
25,SAN PEDRO,27,FRAY DAMIAN,1
25,SAN PEDRO,28,CENTRO,18
25,SAN PEDRO,29,ERMITA,70
25,SAN PEDRO,30,RIO CALI,15
25,SAN PEDRO,31,SAN NICOLA,3
25,SAN PEDRO,32,PILOTO,11
25,SAN PEDRO,33,FATIMA,32
25,SAN PEDRO,34,MANZANARES,60
25,SAN PEDRO,35,POPULAR,99
25,SAN PEDRO,36,SALOMIA,182
25,SAN PEDRO,37,FLORA IND,416
25,SAN PEDRO,38,CHIMINANGOS,733
25,SAN PEDRO,39,UNIVERSIDA,123
25,SAN PEDRO,40,UND DEPORT,35
25,SAN PEDRO,42,CAICEDO,33
25,SAN PEDRO,43,VERSALLES,106
25,SAN PEDRO,44,AMERICAS,140
25,SAN PEDRO,45,PRADOS,73
25,SAN PEDRO,46,VIPASA,90
25,SAN PEDRO,47,ALAMOS,175
25,SAN PEDRO,56,TERMINAL MENGA,91
26,T. CALI,1,UNIVALLE,12
26,T. CALI,2,BUITRERA,81
26,T. CALI,3,MELENDEZ,156
26,T. CALI,4,CAPRI,61
26,T. CALI,5,CALDAS,57
26,T. CALI,6,REFUGIO,50
26,T. CALI,7,PAMPALINDA,65
26,T. CALI,8,PLZ TOROS,22
26,T. CALI,9,LIDO,30
26,T. CALI,10,TEQUENDAMA,117
26,T. CALI,11,ESTADIO,82
26,T. CALI,12,MZ. SABER,54
26,T. CALI,13,ST LIBRADA,46
26,T. CALI,14,SAN BOSCO,27
26,T. CALI,15,SAN PASCUA,27
26,T. CALI,23,SUCRE,6
26,T. CALI,24,PETECUY,15
26,T. CALI,25,SAN PEDRO,36
26,T. CALI,26,T. CALI,164
26,T. CALI,27,FRAY DAMIAN,3
26,T. CALI,28,CENTRO,24
26,T. CALI,29,ERMITA,19
26,T. CALI,30,RIO CALI,0
26,T. CALI,31,SAN NICOLA,2
26,T. CALI,32,PILOTO,2
26,T. CALI,33,FATIMA,9
26,T. CALI,34,MANZANARES,21
26,T. CALI,35,POPULAR,32
26,T. CALI,36,SALOMIA,72
26,T. CALI,37,FLORA IND,157
26,T. CALI,38,CHIMINANGOS,241
26,T. CALI,39,UNIVERSIDA,229
26,T. CALI,40,UND DEPORT,59
26,T. CALI,42,CAICEDO,11
26,T. CALI,43,VERSALLES,13
26,T. CALI,44,AMERICAS,20
26,T. CALI,45,PRADOS,24
26,T. CALI,46,VIPASA,23
26,T. CALI,47,ALAMOS,65
26,T. CALI,56,TERMINAL MENGA,52
27,FRAY DAMIAN,1,UNIVALLE,0
27,FRAY DAMIAN,2,BUITRERA,2
27,FRAY DAMIAN,3,MELENDEZ,3
27,FRAY DAMIAN,4,CAPRI,2
27,FRAY DAMIAN,5,CALDAS,1
27,FRAY DAMIAN,6,REFUGIO,0
27,FRAY DAMIAN,7,PAMPALINDA,5
27,FRAY DAMIAN,8,PLZ TOROS,2
27,FRAY DAMIAN,9,LIDO,0
27,FRAY DAMIAN,10,TEQUENDAMA,9
27,FRAY DAMIAN,11,ESTADIO,7
27,FRAY DAMIAN,12,MZ. SABER,5
27,FRAY DAMIAN,13,ST LIBRADA,3
27,FRAY DAMIAN,14,SAN BOSCO,2
27,FRAY DAMIAN,15,SAN PASCUA,4
27,FRAY DAMIAN,23,SUCRE,1
27,FRAY DAMIAN,24,PETECUY,0
27,FRAY DAMIAN,25,SAN PEDRO,0
27,FRAY DAMIAN,26,T. CALI,2
27,FRAY DAMIAN,27,FRAY DAMIAN,14
27,FRAY DAMIAN,28,CENTRO,4
27,FRAY DAMIAN,29,ERMITA,5
27,FRAY DAMIAN,30,RIO CALI,0
27,FRAY DAMIAN,31,SAN NICOLA,0
27,FRAY DAMIAN,32,PILOTO,0
27,FRAY DAMIAN,33,FATIMA,0
27,FRAY DAMIAN,34,MANZANARES,1
27,FRAY DAMIAN,35,POPULAR,0
27,FRAY DAMIAN,36,SALOMIA,2
27,FRAY DAMIAN,37,FLORA IND,0
27,FRAY DAMIAN,38,CHIMINANGOS,1
27,FRAY DAMIAN,39,UNIVERSIDA,13
27,FRAY DAMIAN,40,UND DEPORT,8
27,FRAY DAMIAN,42,CAICEDO,1
27,FRAY DAMIAN,43,VERSALLES,0
27,FRAY DAMIAN,44,AMERICAS,2
27,FRAY DAMIAN,45,PRADOS,0
27,FRAY DAMIAN,46,VIPASA,2
27,FRAY DAMIAN,47,ALAMOS,3
27,FRAY DAMIAN,56,TERMINAL MENGA,0
28,CENTRO,1,UNIVALLE,11
28,CENTRO,2,BUITRERA,96
28,CENTRO,3,MELENDEZ,168
28,CENTRO,4,CAPRI,64
28,CENTRO,5,CALDAS,96
28,CENTRO,6,REFUGIO,44
28,CENTRO,7,PAMPALINDA,91
28,CENTRO,8,PLZ TOROS,34
28,CENTRO,9,LIDO,50
28,CENTRO,10,TEQUENDAMA,149
28,CENTRO,11,ESTADIO,105
28,CENTRO,12,MZ. SABER,88
28,CENTRO,13,ST LIBRADA,74
28,CENTRO,14,SAN BOSCO,23
28,CENTRO,15,SAN PASCUA,25
28,CENTRO,23,SUCRE,5
28,CENTRO,24,PETECUY,31
28,CENTRO,25,SAN PEDRO,15
28,CENTRO,26,T. CALI,22
28,CENTRO,27,FRAY DAMIAN,3
28,CENTRO,28,CENTRO,207
28,CENTRO,29,ERMITA,34
28,CENTRO,30,RIO CALI,2
28,CENTRO,31,SAN NICOLA,0
28,CENTRO,32,PILOTO,0
28,CENTRO,33,FATIMA,7
28,CENTRO,34,MANZANARES,5
28,CENTRO,35,POPULAR,13
28,CENTRO,36,SALOMIA,15
28,CENTRO,37,FLORA IND,43
28,CENTRO,38,CHIMINANGOS,82
28,CENTRO,39,UNIVERSIDA,223
28,CENTRO,40,UND DEPORT,99
28,CENTRO,42,CAICEDO,9
28,CENTRO,43,VERSALLES,39
28,CENTRO,44,AMERICAS,54
28,CENTRO,45,PRADOS,14
28,CENTRO,46,VIPASA,7
28,CENTRO,47,ALAMOS,19
28,CENTRO,56,TERMINAL MENGA,23
29,ERMITA,1,UNIVALLE,9
29,ERMITA,2,BUITRERA,88
29,ERMITA,3,MELENDEZ,113
29,ERMITA,4,CAPRI,83
29,ERMITA,5,CALDAS,95
29,ERMITA,6,REFUGIO,78
29,ERMITA,7,PAMPALINDA,102
29,ERMITA,8,PLZ TOROS,47
29,ERMITA,9,LIDO,89
29,ERMITA,10,TEQUENDAMA,249
29,ERMITA,11,ESTADIO,131
29,ERMITA,12,MZ. SABER,118
29,ERMITA,13,ST LIBRADA,100
29,ERMITA,14,SAN BOSCO,47
29,ERMITA,15,SAN PASCUA,46
29,ERMITA,23,SUCRE,4
29,ERMITA,24,PETECUY,22
29,ERMITA,25,SAN PEDRO,74
29,ERMITA,26,T. CALI,21
29,ERMITA,27,FRAY DAMIAN,8
29,ERMITA,28,CENTRO,36
29,ERMITA,29,ERMITA,403
29,ERMITA,30,RIO CALI,5
29,ERMITA,31,SAN NICOLA,0
29,ERMITA,32,PILOTO,2
29,ERMITA,33,FATIMA,8
29,ERMITA,34,MANZANARES,8
29,ERMITA,35,POPULAR,15
29,ERMITA,36,SALOMIA,50
29,ERMITA,37,FLORA IND,51
29,ERMITA,38,CHIMINANGOS,74
29,ERMITA,39,UNIVERSIDA,194
29,ERMITA,40,UND DEPORT,125
29,ERMITA,42,CAICEDO,29
29,ERMITA,43,VERSALLES,34
29,ERMITA,44,AMERICAS,59
29,ERMITA,45,PRADOS,22
29,ERMITA,46,VIPASA,20
29,ERMITA,47,ALAMOS,26
29,ERMITA,56,TERMINAL MENGA,31
30,RIO CALI,1,UNIVALLE,0
30,RIO CALI,2,BUITRERA,8
30,RIO CALI,3,MELENDEZ,8
30,RIO CALI,4,CAPRI,2
30,RIO CALI,5,CALDAS,6
30,RIO CALI,6,REFUGIO,2
30,RIO CALI,7,PAMPALINDA,4
30,RIO CALI,8,PLZ TOROS,1
30,RIO CALI,9,LIDO,1
30,RIO CALI,10,TEQUENDAMA,11
30,RIO CALI,11,ESTADIO,9
30,RIO CALI,12,MZ. SABER,5
30,RIO CALI,13,ST LIBRADA,7
30,RIO CALI,14,SAN BOSCO,8
30,RIO CALI,15,SAN PASCUA,5
30,RIO CALI,23,SUCRE,3
30,RIO CALI,24,PETECUY,6
30,RIO CALI,25,SAN PEDRO,17
30,RIO CALI,26,T. CALI,0
30,RIO CALI,27,FRAY DAMIAN,0
30,RIO CALI,28,CENTRO,4
30,RIO CALI,29,ERMITA,7
30,RIO CALI,30,RIO CALI,17
30,RIO CALI,31,SAN NICOLA,1
30,RIO CALI,32,PILOTO,0
30,RIO CALI,33,FATIMA,1
30,RIO CALI,34,MANZANARES,0
30,RIO CALI,35,POPULAR,4
30,RIO CALI,36,SALOMIA,2
30,RIO CALI,37,FLORA IND,1
30,RIO CALI,38,CHIMINANGOS,5
30,RIO CALI,39,UNIVERSIDA,12
30,RIO CALI,40,UND DEPORT,4
30,RIO CALI,42,CAICEDO,1
30,RIO CALI,43,VERSALLES,2
30,RIO CALI,44,AMERICAS,2
30,RIO CALI,45,PRADOS,0
30,RIO CALI,46,VIPASA,0
30,RIO CALI,47,ALAMOS,2
30,RIO CALI,56,TERMINAL MENGA,1
31,SAN NICOLA,1,UNIVALLE,0
31,SAN NICOLA,2,BUITRERA,3
31,SAN NICOLA,3,MELENDEZ,4
31,SAN NICOLA,4,CAPRI,0
31,SAN NICOLA,5,CALDAS,2
31,SAN NICOLA,6,REFUGIO,2
31,SAN NICOLA,7,PAMPALINDA,0
31,SAN NICOLA,8,PLZ TOROS,0
31,SAN NICOLA,9,LIDO,1
31,SAN NICOLA,10,TEQUENDAMA,3
31,SAN NICOLA,11,ESTADIO,3
31,SAN NICOLA,12,MZ. SABER,4
31,SAN NICOLA,13,ST LIBRADA,2
31,SAN NICOLA,14,SAN BOSCO,0
31,SAN NICOLA,15,SAN PASCUA,1
31,SAN NICOLA,23,SUCRE,0
31,SAN NICOLA,24,PETECUY,5
31,SAN NICOLA,25,SAN PEDRO,2
31,SAN NICOLA,26,T. CALI,3
31,SAN NICOLA,27,FRAY DAMIAN,0
31,SAN NICOLA,28,CENTRO,0
31,SAN NICOLA,29,ERMITA,0
31,SAN NICOLA,30,RIO CALI,2
31,SAN NICOLA,31,SAN NICOLA,7
31,SAN NICOLA,32,PILOTO,0
31,SAN NICOLA,33,FATIMA,1
31,SAN NICOLA,34,MANZANARES,9
31,SAN NICOLA,35,POPULAR,6
31,SAN NICOLA,36,SALOMIA,8
31,SAN NICOLA,37,FLORA IND,36
31,SAN NICOLA,38,CHIMINANGOS,40
31,SAN NICOLA,39,UNIVERSIDA,3
31,SAN NICOLA,40,UND DEPORT,3
31,SAN NICOLA,42,CAICEDO,1
31,SAN NICOLA,43,VERSALLES,1
31,SAN NICOLA,44,AMERICAS,0
31,SAN NICOLA,45,PRADOS,0
31,SAN NICOLA,46,VIPASA,0
31,SAN NICOLA,47,ALAMOS,0
31,SAN NICOLA,56,TERMINAL MENGA,0
32,PILOTO,1,UNIVALLE,1
32,PILOTO,2,BUITRERA,3
32,PILOTO,3,MELENDEZ,9
32,PILOTO,4,CAPRI,4
32,PILOTO,5,CALDAS,5
32,PILOTO,6,REFUGIO,1
32,PILOTO,7,PAMPALINDA,4
32,PILOTO,8,PLZ TOROS,2
32,PILOTO,9,LIDO,2
32,PILOTO,10,TEQUENDAMA,6
32,PILOTO,11,ESTADIO,5
32,PILOTO,12,MZ. SABER,4
32,PILOTO,13,ST LIBRADA,3
32,PILOTO,14,SAN BOSCO,4
32,PILOTO,15,SAN PASCUA,1
32,PILOTO,23,SUCRE,0
32,PILOTO,24,PETECUY,4
32,PILOTO,25,SAN PEDRO,10
32,PILOTO,26,T. CALI,2
32,PILOTO,27,FRAY DAMIAN,0
32,PILOTO,28,CENTRO,0
32,PILOTO,29,ERMITA,1
32,PILOTO,30,RIO CALI,1
32,PILOTO,31,SAN NICOLA,0
32,PILOTO,32,PILOTO,5
32,PILOTO,33,FATIMA,2
32,PILOTO,34,MANZANARES,1
32,PILOTO,35,POPULAR,5
32,PILOTO,36,SALOMIA,6
32,PILOTO,37,FLORA IND,19
32,PILOTO,38,CHIMINANGOS,27
32,PILOTO,39,UNIVERSIDA,10
32,PILOTO,40,UND DEPORT,6
32,PILOTO,42,CAICEDO,2
32,PILOTO,43,VERSALLES,2
32,PILOTO,44,AMERICAS,1
32,PILOTO,45,PRADOS,1
32,PILOTO,46,VIPASA,1
32,PILOTO,47,ALAMOS,1
32,PILOTO,56,TERMINAL MENGA,3
33,FATIMA,1,UNIVALLE,5
33,FATIMA,2,BUITRERA,13
33,FATIMA,3,MELENDEZ,31
33,FATIMA,4,CAPRI,11
33,FATIMA,5,CALDAS,22
33,FATIMA,6,REFUGIO,9
33,FATIMA,7,PAMPALINDA,11
33,FATIMA,8,PLZ TOROS,3
33,FATIMA,9,LIDO,8
33,FATIMA,10,TEQUENDAMA,32
33,FATIMA,11,ESTADIO,33
33,FATIMA,12,MZ. SABER,21
33,FATIMA,13,ST LIBRADA,16
33,FATIMA,14,SAN BOSCO,19
33,FATIMA,15,SAN PASCUA,3
33,FATIMA,23,SUCRE,0
33,FATIMA,24,PETECUY,13
33,FATIMA,25,SAN PEDRO,29
33,FATIMA,26,T. CALI,6
33,FATIMA,27,FRAY DAMIAN,0
33,FATIMA,28,CENTRO,10
33,FATIMA,29,ERMITA,11
33,FATIMA,30,RIO CALI,1
33,FATIMA,31,SAN NICOLA,2
33,FATIMA,32,PILOTO,2
33,FATIMA,33,FATIMA,38
33,FATIMA,34,MANZANARES,0
33,FATIMA,35,POPULAR,4
33,FATIMA,36,SALOMIA,11
33,FATIMA,37,FLORA IND,32
33,FATIMA,38,CHIMINANGOS,50
33,FATIMA,39,UNIVERSIDA,27
33,FATIMA,40,UND DEPORT,18
33,FATIMA,42,CAICEDO,6
33,FATIMA,43,VERSALLES,5
33,FATIMA,44,AMERICAS,9
33,FATIMA,45,PRADOS,0
33,FATIMA,46,VIPASA,7
33,FATIMA,47,ALAMOS,5
33,FATIMA,56,TERMINAL MENGA,7
34,MANZANARES,1,UNIVALLE,5
34,MANZANARES,2,BUITRERA,8
34,MANZANARES,3,MELENDEZ,20
34,MANZANARES,4,CAPRI,6
34,MANZANARES,5,CALDAS,13
34,MANZANARES,6,REFUGIO,11
34,MANZANARES,7,PAMPALINDA,15
34,MANZANARES,8,PLZ TOROS,6
34,MANZANARES,9,LIDO,10
34,MANZANARES,10,TEQUENDAMA,35
34,MANZANARES,11,ESTADIO,42
34,MANZANARES,12,MZ. SABER,23
34,MANZANARES,13,ST LIBRADA,19
34,MANZANARES,14,SAN BOSCO,17
34,MANZANARES,15,SAN PASCUA,13
34,MANZANARES,23,SUCRE,3
34,MANZANARES,24,PETECUY,33
34,MANZANARES,25,SAN PEDRO,53
34,MANZANARES,26,T. CALI,20
34,MANZANARES,27,FRAY DAMIAN,0
34,MANZANARES,28,CENTRO,10
34,MANZANARES,29,ERMITA,17
34,MANZANARES,30,RIO CALI,0
34,MANZANARES,31,SAN NICOLA,7
34,MANZANARES,32,PILOTO,2
34,MANZANARES,33,FATIMA,0
34,MANZANARES,34,MANZANARES,42
34,MANZANARES,35,POPULAR,5
34,MANZANARES,36,SALOMIA,10
34,MANZANARES,37,FLORA IND,25
34,MANZANARES,38,CHIMINANGOS,43
34,MANZANARES,39,UNIVERSIDA,31
34,MANZANARES,40,UND DEPORT,13
34,MANZANARES,42,CAICEDO,7
34,MANZANARES,43,VERSALLES,8
34,MANZANARES,44,AMERICAS,4
34,MANZANARES,45,PRADOS,2
34,MANZANARES,46,VIPASA,4
34,MANZANARES,47,ALAMOS,10
34,MANZANARES,56,TERMINAL MENGA,7
35,POPULAR,1,UNIVALLE,5
35,POPULAR,2,BUITRERA,34
35,POPULAR,3,MELENDEZ,46
35,POPULAR,4,CAPRI,33
35,POPULAR,5,CALDAS,20
35,POPULAR,6,REFUGIO,13
35,POPULAR,7,PAMPALINDA,60
35,POPULAR,8,PLZ TOROS,6
35,POPULAR,9,LIDO,16
35,POPULAR,10,TEQUENDAMA,66
35,POPULAR,11,ESTADIO,72
35,POPULAR,12,MZ. SABER,48
35,POPULAR,13,ST LIBRADA,29
35,POPULAR,14,SAN BOSCO,27
35,POPULAR,15,SAN PASCUA,5
35,POPULAR,23,SUCRE,1
35,POPULAR,24,PETECUY,47
35,POPULAR,25,SAN PEDRO,89
35,POPULAR,26,T. CALI,33
35,POPULAR,27,FRAY DAMIAN,0
35,POPULAR,28,CENTRO,18
35,POPULAR,29,ERMITA,16
35,POPULAR,30,RIO CALI,4
35,POPULAR,31,SAN NICOLA,5
35,POPULAR,32,PILOTO,4
35,POPULAR,33,FATIMA,6
35,POPULAR,34,MANZANARES,5
35,POPULAR,35,POPULAR,78
35,POPULAR,36,SALOMIA,8
35,POPULAR,37,FLORA IND,46
35,POPULAR,38,CHIMINANGOS,49
35,POPULAR,39,UNIVERSIDA,74
35,POPULAR,40,UND DEPORT,41
35,POPULAR,42,CAICEDO,3
35,POPULAR,43,VERSALLES,10
35,POPULAR,44,AMERICAS,14
35,POPULAR,45,PRADOS,6
35,POPULAR,46,VIPASA,1
35,POPULAR,47,ALAMOS,7
35,POPULAR,56,TERMINAL MENGA,10
36,SALOMIA,1,UNIVALLE,25
36,SALOMIA,2,BUITRERA,56
36,SALOMIA,3,MELENDEZ,58
36,SALOMIA,4,CAPRI,45
36,SALOMIA,5,CALDAS,31
36,SALOMIA,6,REFUGIO,31
36,SALOMIA,7,PAMPALINDA,105
36,SALOMIA,8,PLZ TOROS,11
36,SALOMIA,9,LIDO,25
36,SALOMIA,10,TEQUENDAMA,164
36,SALOMIA,11,ESTADIO,153
36,SALOMIA,12,MZ. SABER,57
36,SALOMIA,13,ST LIBRADA,64
36,SALOMIA,14,SAN BOSCO,40
36,SALOMIA,15,SAN PASCUA,26
36,SALOMIA,23,SUCRE,3
36,SALOMIA,24,PETECUY,77
36,SALOMIA,25,SAN PEDRO,166
36,SALOMIA,26,T. CALI,71
36,SALOMIA,27,FRAY DAMIAN,1
36,SALOMIA,28,CENTRO,22
36,SALOMIA,29,ERMITA,60
36,SALOMIA,30,RIO CALI,2
36,SALOMIA,31,SAN NICOLA,7
36,SALOMIA,32,PILOTO,6
36,SALOMIA,33,FATIMA,13
36,SALOMIA,34,MANZANARES,11
36,SALOMIA,35,POPULAR,7
36,SALOMIA,36,SALOMIA,86
36,SALOMIA,37,FLORA IND,30
36,SALOMIA,38,CHIMINANGOS,79
36,SALOMIA,39,UNIVERSIDA,97
36,SALOMIA,40,UND DEPORT,42
36,SALOMIA,42,CAICEDO,8
36,SALOMIA,43,VERSALLES,31
36,SALOMIA,44,AMERICAS,37
36,SALOMIA,45,PRADOS,9
36,SALOMIA,46,VIPASA,5
36,SALOMIA,47,ALAMOS,8
36,SALOMIA,56,TERMINAL MENGA,18
37,FLORA IND,1,UNIVALLE,25
37,FLORA IND,2,BUITRERA,106
37,FLORA IND,3,MELENDEZ,64
37,FLORA IND,4,CAPRI,38
37,FLORA IND,5,CALDAS,47
37,FLORA IND,6,REFUGIO,27
37,FLORA IND,7,PAMPALINDA,163
37,FLORA IND,8,PLZ TOROS,20
37,FLORA IND,9,LIDO,32
37,FLORA IND,10,TEQUENDAMA,268
37,FLORA IND,11,ESTADIO,217
37,FLORA IND,12,MZ. SABER,109
37,FLORA IND,13,ST LIBRADA,81
37,FLORA IND,14,SAN BOSCO,79
37,FLORA IND,15,SAN PASCUA,27
37,FLORA IND,23,SUCRE,5
37,FLORA IND,24,PETECUY,158
37,FLORA IND,25,SAN PEDRO,396
37,FLORA IND,26,T. CALI,159
37,FLORA IND,27,FRAY DAMIAN,0
37,FLORA IND,28,CENTRO,53
37,FLORA IND,29,ERMITA,62
37,FLORA IND,30,RIO CALI,5
37,FLORA IND,31,SAN NICOLA,32
37,FLORA IND,32,PILOTO,17
37,FLORA IND,33,FATIMA,31
37,FLORA IND,34,MANZANARES,28
37,FLORA IND,35,POPULAR,43
37,FLORA IND,36,SALOMIA,34
37,FLORA IND,37,FLORA IND,250
37,FLORA IND,38,CHIMINANGOS,45
37,FLORA IND,39,UNIVERSIDA,198
37,FLORA IND,40,UND DEPORT,95
37,FLORA IND,42,CAICEDO,23
37,FLORA IND,43,VERSALLES,60
37,FLORA IND,44,AMERICAS,84
37,FLORA IND,45,PRADOS,26
37,FLORA IND,46,VIPASA,31
37,FLORA IND,47,ALAMOS,17
37,FLORA IND,56,TERMINAL MENGA,29
38,CHIMINANGOS,1,UNIVALLE,67
38,CHIMINANGOS,2,BUITRERA,232
38,CHIMINANGOS,3,MELENDEZ,160
38,CHIMINANGOS,4,CAPRI,116
38,CHIMINANGOS,5,CALDAS,103
38,CHIMINANGOS,6,REFUGIO,81
38,CHIMINANGOS,7,PAMPALINDA,359
38,CHIMINANGOS,8,PLZ TOROS,46
38,CHIMINANGOS,9,LIDO,119
38,CHIMINANGOS,10,TEQUENDAMA,578
38,CHIMINANGOS,11,ESTADIO,491
38,CHIMINANGOS,12,MZ. SABER,223
38,CHIMINANGOS,13,ST LIBRADA,191
38,CHIMINANGOS,14,SAN BOSCO,124
38,CHIMINANGOS,15,SAN PASCUA,59
38,CHIMINANGOS,23,SUCRE,15
38,CHIMINANGOS,24,PETECUY,319
38,CHIMINANGOS,25,SAN PEDRO,692
38,CHIMINANGOS,26,T. CALI,238
38,CHIMINANGOS,27,FRAY DAMIAN,1
38,CHIMINANGOS,28,CENTRO,88
38,CHIMINANGOS,29,ERMITA,109
38,CHIMINANGOS,30,RIO CALI,8
38,CHIMINANGOS,31,SAN NICOLA,38
38,CHIMINANGOS,32,PILOTO,25
38,CHIMINANGOS,33,FATIMA,48
38,CHIMINANGOS,34,MANZANARES,45
38,CHIMINANGOS,35,POPULAR,53
38,CHIMINANGOS,36,SALOMIA,80
38,CHIMINANGOS,37,FLORA IND,43
38,CHIMINANGOS,38,CHIMINANGOS,317
38,CHIMINANGOS,39,UNIVERSIDA,333
38,CHIMINANGOS,40,UND DEPORT,218
38,CHIMINANGOS,42,CAICEDO,24
38,CHIMINANGOS,43,VERSALLES,93
38,CHIMINANGOS,44,AMERICAS,94
38,CHIMINANGOS,45,PRADOS,22
38,CHIMINANGOS,46,VIPASA,32
38,CHIMINANGOS,47,ALAMOS,24
38,CHIMINANGOS,56,TERMINAL MENGA,22
39,UNIVERSIDA,1,UNIVALLE,95
39,UNIVERSIDA,2,BUITRERA,491
39,UNIVERSIDA,3,MELENDEZ,656
39,UNIVERSIDA,4,CAPRI,345
39,UNIVERSIDA,5,CALDAS,399
39,UNIVERSIDA,6,REFUGIO,190
39,UNIVERSIDA,7,PAMPALINDA,470
39,UNIVERSIDA,8,PLZ TOROS,75
39,UNIVERSIDA,9,LIDO,163
39,UNIVERSIDA,10,TEQUENDAMA,645
39,UNIVERSIDA,11,ESTADIO,627
39,UNIVERSIDA,12,MZ. SABER,277
39,UNIVERSIDA,13,ST LIBRADA,301
39,UNIVERSIDA,14,SAN BOSCO,261
39,UNIVERSIDA,15,SAN PASCUA,66
39,UNIVERSIDA,23,SUCRE,3
39,UNIVERSIDA,24,PETECUY,89
39,UNIVERSIDA,25,SAN PEDRO,136
39,UNIVERSIDA,26,T. CALI,214
39,UNIVERSIDA,27,FRAY DAMIAN,13
39,UNIVERSIDA,28,CENTRO,197
39,UNIVERSIDA,29,ERMITA,190
39,UNIVERSIDA,30,RIO CALI,8
39,UNIVERSIDA,31,SAN NICOLA,3
39,UNIVERSIDA,32,PILOTO,9
39,UNIVERSIDA,33,FATIMA,27
39,UNIVERSIDA,34,MANZANARES,29
39,UNIVERSIDA,35,POPULAR,75
39,UNIVERSIDA,36,SALOMIA,102
39,UNIVERSIDA,37,FLORA IND,192
39,UNIVERSIDA,38,CHIMINANGOS,340
39,UNIVERSIDA,39,UNIVERSIDA,1179
39,UNIVERSIDA,40,UND DEPORT,349
39,UNIVERSIDA,42,CAICEDO,236
39,UNIVERSIDA,43,VERSALLES,115
39,UNIVERSIDA,44,AMERICAS,180
39,UNIVERSIDA,45,PRADOS,82
39,UNIVERSIDA,46,VIPASA,83
39,UNIVERSIDA,47,ALAMOS,172
39,UNIVERSIDA,56,TERMINAL MENGA,130
40,UND DEPORT,1,UNIVALLE,16
40,UND DEPORT,2,BUITRERA,156
40,UND DEPORT,3,MELENDEZ,141
40,UND DEPORT,4,CAPRI,108
40,UND DEPORT,5,CALDAS,103
40,UND DEPORT,6,REFUGIO,98
40,UND DEPORT,7,PAMPALINDA,113
40,UND DEPORT,8,PLZ TOROS,18
40,UND DEPORT,9,LIDO,24
40,UND DEPORT,10,TEQUENDAMA,152
40,UND DEPORT,11,ESTADIO,143
40,UND DEPORT,12,MZ. SABER,107
40,UND DEPORT,13,ST LIBRADA,98
40,UND DEPORT,14,SAN BOSCO,72
40,UND DEPORT,15,SAN PASCUA,50
40,UND DEPORT,23,SUCRE,14
40,UND DEPORT,24,PETECUY,32
40,UND DEPORT,25,SAN PEDRO,38
40,UND DEPORT,26,T. CALI,62
40,UND DEPORT,27,FRAY DAMIAN,7
40,UND DEPORT,28,CENTRO,95
40,UND DEPORT,29,ERMITA,115
40,UND DEPORT,30,RIO CALI,3
40,UND DEPORT,31,SAN NICOLA,3
40,UND DEPORT,32,PILOTO,4
40,UND DEPORT,33,FATIMA,18
40,UND DEPORT,34,MANZANARES,15
40,UND DEPORT,35,POPULAR,42
40,UND DEPORT,36,SALOMIA,42
40,UND DEPORT,37,FLORA IND,99
40,UND DEPORT,38,CHIMINANGOS,215
40,UND DEPORT,39,UNIVERSIDA,337
40,UND DEPORT,40,UND DEPORT,303
40,UND DEPORT,42,CAICEDO,48
40,UND DEPORT,43,VERSALLES,47
40,UND DEPORT,44,AMERICAS,82
40,UND DEPORT,45,PRADOS,30
40,UND DEPORT,46,VIPASA,19
40,UND DEPORT,47,ALAMOS,39
40,UND DEPORT,56,TERMINAL MENGA,52
42,CAICEDO,1,UNIVALLE,17
42,CAICEDO,2,BUITRERA,85
42,CAICEDO,3,MELENDEZ,161
42,CAICEDO,4,CAPRI,71
42,CAICEDO,5,CALDAS,51
42,CAICEDO,6,REFUGIO,37
42,CAICEDO,7,PAMPALINDA,96
42,CAICEDO,8,PLZ TOROS,18
42,CAICEDO,9,LIDO,15
42,CAICEDO,10,TEQUENDAMA,113
42,CAICEDO,11,ESTADIO,82
42,CAICEDO,12,MZ. SABER,24
42,CAICEDO,13,ST LIBRADA,10
42,CAICEDO,14,SAN BOSCO,9
42,CAICEDO,15,SAN PASCUA,25
42,CAICEDO,23,SUCRE,3
42,CAICEDO,24,PETECUY,6
42,CAICEDO,25,SAN PEDRO,29
42,CAICEDO,26,T. CALI,6
42,CAICEDO,27,FRAY DAMIAN,1
42,CAICEDO,28,CENTRO,9
42,CAICEDO,29,ERMITA,27
42,CAICEDO,30,RIO CALI,1
42,CAICEDO,31,SAN NICOLA,2
42,CAICEDO,32,PILOTO,1
42,CAICEDO,33,FATIMA,5
42,CAICEDO,34,MANZANARES,3
42,CAICEDO,35,POPULAR,3
42,CAICEDO,36,SALOMIA,5
42,CAICEDO,37,FLORA IND,11
42,CAICEDO,38,CHIMINANGOS,17
42,CAICEDO,39,UNIVERSIDA,253
42,CAICEDO,40,UND DEPORT,60
42,CAICEDO,42,CAICEDO,91
42,CAICEDO,43,VERSALLES,11
42,CAICEDO,44,AMERICAS,20
42,CAICEDO,45,PRADOS,14
42,CAICEDO,46,VIPASA,8
42,CAICEDO,47,ALAMOS,18
42,CAICEDO,56,TERMINAL MENGA,10
43,VERSALLES,1,UNIVALLE,9
43,VERSALLES,2,BUITRERA,45
43,VERSALLES,3,MELENDEZ,65
43,VERSALLES,4,CAPRI,45
43,VERSALLES,5,CALDAS,46
43,VERSALLES,6,REFUGIO,32
43,VERSALLES,7,PAMPALINDA,44
43,VERSALLES,8,PLZ TOROS,9
43,VERSALLES,9,LIDO,33
43,VERSALLES,10,TEQUENDAMA,103
43,VERSALLES,11,ESTADIO,57
43,VERSALLES,12,MZ. SABER,43
43,VERSALLES,13,ST LIBRADA,33
43,VERSALLES,14,SAN BOSCO,27
43,VERSALLES,15,SAN PASCUA,17
43,VERSALLES,23,SUCRE,2
43,VERSALLES,24,PETECUY,52
43,VERSALLES,25,SAN PEDRO,101
43,VERSALLES,26,T. CALI,6
43,VERSALLES,27,FRAY DAMIAN,0
43,VERSALLES,28,CENTRO,49
43,VERSALLES,29,ERMITA,39
43,VERSALLES,30,RIO CALI,2
43,VERSALLES,31,SAN NICOLA,1
43,VERSALLES,32,PILOTO,1
43,VERSALLES,33,FATIMA,5
43,VERSALLES,34,MANZANARES,7
43,VERSALLES,35,POPULAR,8
43,VERSALLES,36,SALOMIA,32
43,VERSALLES,37,FLORA IND,55
43,VERSALLES,38,CHIMINANGOS,97
43,VERSALLES,39,UNIVERSIDA,109
43,VERSALLES,40,UND DEPORT,49
43,VERSALLES,42,CAICEDO,16
43,VERSALLES,43,VERSALLES,164
43,VERSALLES,44,AMERICAS,24
43,VERSALLES,45,PRADOS,29
43,VERSALLES,46,VIPASA,47
43,VERSALLES,47,ALAMOS,48
43,VERSALLES,56,TERMINAL MENGA,37
44,AMERICAS,1,UNIVALLE,21
44,AMERICAS,2,BUITRERA,94
44,AMERICAS,3,MELENDEZ,165
44,AMERICAS,4,CAPRI,95
44,AMERICAS,5,CALDAS,109
44,AMERICAS,6,REFUGIO,39
44,AMERICAS,7,PAMPALINDA,106
44,AMERICAS,8,PLZ TOROS,15
44,AMERICAS,9,LIDO,70
44,AMERICAS,10,TEQUENDAMA,222
44,AMERICAS,11,ESTADIO,152
44,AMERICAS,12,MZ. SABER,90
44,AMERICAS,13,ST LIBRADA,85
44,AMERICAS,14,SAN BOSCO,82
44,AMERICAS,15,SAN PASCUA,30
44,AMERICAS,23,SUCRE,7
44,AMERICAS,24,PETECUY,84
44,AMERICAS,25,SAN PEDRO,129
44,AMERICAS,26,T. CALI,18
44,AMERICAS,27,FRAY DAMIAN,2
44,AMERICAS,28,CENTRO,64
44,AMERICAS,29,ERMITA,67
44,AMERICAS,30,RIO CALI,2
44,AMERICAS,31,SAN NICOLA,0
44,AMERICAS,32,PILOTO,1
44,AMERICAS,33,FATIMA,7
44,AMERICAS,34,MANZANARES,5
44,AMERICAS,35,POPULAR,13
44,AMERICAS,36,SALOMIA,35
44,AMERICAS,37,FLORA IND,92
44,AMERICAS,38,CHIMINANGOS,95
44,AMERICAS,39,UNIVERSIDA,171
44,AMERICAS,40,UND DEPORT,89
44,AMERICAS,42,CAICEDO,30
44,AMERICAS,43,VERSALLES,25
44,AMERICAS,44,AMERICAS,231
44,AMERICAS,45,PRADOS,40
44,AMERICAS,46,VIPASA,44
44,AMERICAS,47,ALAMOS,77
44,AMERICAS,56,TERMINAL MENGA,51
45,PRADOS,1,UNIVALLE,10
45,PRADOS,2,BUITRERA,33
45,PRADOS,3,MELENDEZ,52
45,PRADOS,4,CAPRI,29
45,PRADOS,5,CALDAS,35
45,PRADOS,6,REFUGIO,16
45,PRADOS,7,PAMPALINDA,41
45,PRADOS,8,PLZ TOROS,3
45,PRADOS,9,LIDO,18
45,PRADOS,10,TEQUENDAMA,65
45,PRADOS,11,ESTADIO,66
45,PRADOS,12,MZ. SABER,31
45,PRADOS,13,ST LIBRADA,27
45,PRADOS,14,SAN BOSCO,18
45,PRADOS,15,SAN PASCUA,11
45,PRADOS,23,SUCRE,0
45,PRADOS,24,PETECUY,37
45,PRADOS,25,SAN PEDRO,64
45,PRADOS,26,T. CALI,26
45,PRADOS,27,FRAY DAMIAN,0
45,PRADOS,28,CENTRO,13
45,PRADOS,29,ERMITA,27
45,PRADOS,30,RIO CALI,0
45,PRADOS,31,SAN NICOLA,0
45,PRADOS,32,PILOTO,1
45,PRADOS,33,FATIMA,1
45,PRADOS,34,MANZANARES,2
45,PRADOS,35,POPULAR,5
45,PRADOS,36,SALOMIA,11
45,PRADOS,37,FLORA IND,30
45,PRADOS,38,CHIMINANGOS,21
45,PRADOS,39,UNIVERSIDA,82
45,PRADOS,40,UND DEPORT,31
45,PRADOS,42,CAICEDO,16
45,PRADOS,43,VERSALLES,26
45,PRADOS,44,AMERICAS,41
45,PRADOS,45,PRADOS,86
45,PRADOS,46,VIPASA,3
45,PRADOS,47,ALAMOS,20
45,PRADOS,56,TERMINAL MENGA,8
46,VIPASA,1,UNIVALLE,13
46,VIPASA,2,BUITRERA,34
46,VIPASA,3,MELENDEZ,42
46,VIPASA,4,CAPRI,26
46,VIPASA,5,CALDAS,31
46,VIPASA,6,REFUGIO,10
46,VIPASA,7,PAMPALINDA,37
46,VIPASA,8,PLZ TOROS,3
46,VIPASA,9,LIDO,9
46,VIPASA,10,TEQUENDAMA,52
46,VIPASA,11,ESTADIO,61
46,VIPASA,12,MZ. SABER,37
46,VIPASA,13,ST LIBRADA,26
46,VIPASA,14,SAN BOSCO,17
46,VIPASA,15,SAN PASCUA,8
46,VIPASA,23,SUCRE,1
46,VIPASA,24,PETECUY,63
46,VIPASA,25,SAN PEDRO,81
46,VIPASA,26,T. CALI,18
46,VIPASA,27,FRAY DAMIAN,2
46,VIPASA,28,CENTRO,13
46,VIPASA,29,ERMITA,23
46,VIPASA,30,RIO CALI,1
46,VIPASA,31,SAN NICOLA,1
46,VIPASA,32,PILOTO,1
46,VIPASA,33,FATIMA,6
46,VIPASA,34,MANZANARES,3
46,VIPASA,35,POPULAR,2
46,VIPASA,36,SALOMIA,6
46,VIPASA,37,FLORA IND,36
46,VIPASA,38,CHIMINANGOS,36
46,VIPASA,39,UNIVERSIDA,87
46,VIPASA,40,UND DEPORT,19
46,VIPASA,42,CAICEDO,8
46,VIPASA,43,VERSALLES,40
46,VIPASA,44,AMERICAS,41
46,VIPASA,45,PRADOS,5
46,VIPASA,46,VIPASA,81
46,VIPASA,47,ALAMOS,22
46,VIPASA,56,TERMINAL MENGA,22
47,ALAMOS,1,UNIVALLE,22
47,ALAMOS,2,BUITRERA,80
47,ALAMOS,3,MELENDEZ,55
47,ALAMOS,4,CAPRI,56
47,ALAMOS,5,CALDAS,44
47,ALAMOS,6,REFUGIO,28
47,ALAMOS,7,PAMPALINDA,112
47,ALAMOS,8,PLZ TOROS,13
47,ALAMOS,9,LIDO,40
47,ALAMOS,10,TEQUENDAMA,134
47,ALAMOS,11,ESTADIO,131
47,ALAMOS,12,MZ. SABER,51
47,ALAMOS,13,ST LIBRADA,44
47,ALAMOS,14,SAN BOSCO,39
47,ALAMOS,15,SAN PASCUA,26
47,ALAMOS,23,SUCRE,1
47,ALAMOS,24,PETECUY,91
47,ALAMOS,25,SAN PEDRO,153
47,ALAMOS,26,T. CALI,71
47,ALAMOS,27,FRAY DAMIAN,3
47,ALAMOS,28,CENTRO,26
47,ALAMOS,29,ERMITA,37
47,ALAMOS,30,RIO CALI,3
47,ALAMOS,31,SAN NICOLA,0
47,ALAMOS,32,PILOTO,0
47,ALAMOS,33,FATIMA,4
47,ALAMOS,34,MANZANARES,9
47,ALAMOS,35,POPULAR,6
47,ALAMOS,36,SALOMIA,10
47,ALAMOS,37,FLORA IND,14
47,ALAMOS,38,CHIMINANGOS,26
47,ALAMOS,39,UNIVERSIDA,174
47,ALAMOS,40,UND DEPORT,43
47,ALAMOS,42,CAICEDO,27
47,ALAMOS,43,VERSALLES,49
47,ALAMOS,44,AMERICAS,72
47,ALAMOS,45,PRADOS,20
47,ALAMOS,46,VIPASA,21
47,ALAMOS,47,ALAMOS,170
47,ALAMOS,56,TERMINAL MENGA,12
56,TERMINAL MENGA,1,UNIVALLE,16
56,TERMINAL MENGA,2,BUITRERA,69
56,TERMINAL MENGA,3,MELENDEZ,100
56,TERMINAL MENGA,4,CAPRI,60
56,TERMINAL MENGA,5,CALDAS,67
56,TERMINAL MENGA,6,REFUGIO,20
56,TERMINAL MENGA,7,PAMPALINDA,87
56,TERMINAL MENGA,8,PLZ TOROS,13
56,TERMINAL MENGA,9,LIDO,36
56,TERMINAL MENGA,10,TEQUENDAMA,118
56,TERMINAL MENGA,11,ESTADIO,124
56,TERMINAL MENGA,12,MZ. SABER,53
56,TERMINAL MENGA,13,ST LIBRADA,57
56,TERMINAL MENGA,14,SAN BOSCO,53
56,TERMINAL MENGA,15,SAN PASCUA,21
56,TERMINAL MENGA,23,SUCRE,2
56,TERMINAL MENGA,24,PETECUY,74
56,TERMINAL MENGA,25,SAN PEDRO,84
56,TERMINAL MENGA,26,T. CALI,50
56,TERMINAL MENGA,27,FRAY DAMIAN,0
56,TERMINAL MENGA,28,CENTRO,28
56,TERMINAL MENGA,29,ERMITA,36
56,TERMINAL MENGA,30,RIO CALI,0
56,TERMINAL MENGA,31,SAN NICOLA,0
56,TERMINAL MENGA,32,PILOTO,3
56,TERMINAL MENGA,33,FATIMA,7
56,TERMINAL MENGA,34,MANZANARES,8
56,TERMINAL MENGA,35,POPULAR,10
56,TERMINAL MENGA,36,SALOMIA,19
56,TERMINAL MENGA,37,FLORA IND,31
56,TERMINAL MENGA,38,CHIMINANGOS,22
56,TERMINAL MENGA,39,UNIVERSIDA,126
56,TERMINAL MENGA,40,UND DEPORT,54
56,TERMINAL MENGA,42,CAICEDO,22
56,TERMINAL MENGA,43,VERSALLES,34
56,TERMINAL MENGA,44,AMERICAS,49
56,TERMINAL MENGA,45,PRADOS,8
56,TERMINAL MENGA,46,VIPASA,22
56,TERMINAL MENGA,47,ALAMOS,8
56,TERMINAL MENGA,56,TERMINAL MENGA,108
